{
    "clips": {"main": {
        "bigwinEnd": {
            "duration": 1.856326530612245,
            "volume": 1,
            "start": 0.02
        },
        "introFreeSpin": {
            "duration": 3.86875283446712,
            "volume": 1,
            "start": 2.178185941043084
        },
        "quickStop": {
            "duration": 0.54,
            "volume": 1,
            "start": 6.3487981859410425
        },
        "countUpLoopEnd": {
            "duration": 0.8547845804988662,
            "volume": 1,
            "start": 7.1906575963718815
        },
        "ambienceFreeSpin": {
            "duration": 8,
            "volume": 1,
            "start": 8.347301587301587
        },
        "freeSpinAnimationSnd": {
            "duration": 3.6856916099773245,
            "volume": 1,
            "start": 16.649160997732427
        },
        "smallWin": {
            "duration": 1.5110430839002267,
            "volume": 1,
            "start": 20.63671201814059
        },
        "AttentionFreeSpinSnd": {
            "duration": 0.8816326530612245,
            "volume": 1,
            "start": 22.449614512471655
        },
        "bigWin": {
            "duration": 8,
            "volume": 1,
            "start": 23.63310657596372
        },
        "countUpLoop": {
            "duration": 0.10777777777777778,
            "volume": 1,
            "start": 31.93496598639456
        },
        "reelSpin": {
            "duration": 0.48916099773242633,
            "volume": 1,
            "start": 32.34460317460318
        },
        "outroFreeSpin": {
            "duration": 4.377324263038549,
            "volume": 1,
            "start": 33.13562358276644
        },
        "ambienceGeneral": {
            "duration": 8,
            "volume": 1,
            "start": 37.81480725623583
        },
        "AttentionFreeSpinDoubleSnd": {
            "duration": 1.276734693877551,
            "volume": 1,
            "start": 46.11666666666667
        },
        "ReelNearWinSnd": {
            "duration": 11.11111111111111,
            "volume": 1,
            "start": 47.695260770975054
        },
        "reelBounce": {
            "duration": 0.3265079365079365,
            "volume": 1,
            "start": 59.108231292517004
        },
        "spinButtonClick": {
            "duration": 1.5227210884353741,
            "volume": 1,
            "start": 59.73659863945578
        },
        "mediumWin": {
            "duration": 1.8747392290249434,
            "volume": 1,
            "start": 61.56117913832199
        },
        "largeWin": {
            "duration": 2.827301587301587,
            "volume": 1,
            "start": 63.73777777777777
        }
    }},
    "files": {"main": "multimedia/audio/webAudio_mobile/main.mp3"},
    "fileSizes": {"main": 401597}
}